[{"model": "admin.logentry", "pk": 1, "fields": {"action_time": "2023-12-29T18:04:46.940Z", "user": 1, "content_type": 11, "object_id": "2", "object_repr": "BCC", "action_flag": 3, "change_message": ""}}, {"model": "admin.logentry", "pk": 2, "fields": {"action_time": "2023-12-30T21:40:16.655Z", "user": 1, "content_type": 17, "object_id": "1", "object_repr": "Expenditure: 198.54 on 2023-12-30", "action_flag": 3, "change_message": ""}}, {"model": "admin.logentry", "pk": 3, "fields": {"action_time": "2023-12-30T21:44:43.841Z", "user": 1, "content_type": 13, "object_id": "4", "object_repr": "BalanceLog object (4)", "action_flag": 3, "change_message": ""}}, {"model": "admin.logentry", "pk": 4, "fields": {"action_time": "2023-12-30T21:44:43.846Z", "user": 1, "content_type": 13, "object_id": "3", "object_repr": "BalanceLog object (3)", "action_flag": 3, "change_message": ""}}, {"model": "admin.logentry", "pk": 5, "fields": {"action_time": "2023-12-30T21:44:43.849Z", "user": 1, "content_type": 13, "object_id": "2", "object_repr": "BalanceLog object (2)", "action_flag": 3, "change_message": ""}}, {"model": "admin.logentry", "pk": 6, "fields": {"action_time": "2023-12-30T21:44:43.852Z", "user": 1, "content_type": 13, "object_id": "1", "object_repr": "BalanceLog object (1)", "action_flag": 3, "change_message": ""}}, {"model": "admin.logentry", "pk": 7, "fields": {"action_time": "2023-12-30T21:44:58.991Z", "user": 1, "content_type": 17, "object_id": "2", "object_repr": "Expenditure: 66.18 on 2023-12-30", "action_flag": 3, "change_message": ""}}, {"model": "admin.logentry", "pk": 8, "fields": {"action_time": "2023-12-31T11:25:05.556Z", "user": 1, "content_type": 11, "object_id": "1", "object_repr": "BCC", "action_flag": 3, "change_message": ""}}, {"model": "admin.logentry", "pk": 9, "fields": {"action_time": "2023-12-31T14:08:57.414Z", "user": 1, "content_type": 12, "object_id": "1", "object_repr": "166.45 - Cash", "action_flag": 3, "change_message": ""}}, {"model": "admin.logentry", "pk": 10, "fields": {"action_time": "2023-12-31T15:29:34.781Z", "user": 1, "content_type": 12, "object_id": "2", "object_repr": "166.45 - Cash", "action_flag": 3, "change_message": ""}}, {"model": "auth.permission", "pk": 1, "fields": {"name": "Can add log entry", "content_type": 1, "codename": "add_logentry"}}, {"model": "auth.permission", "pk": 2, "fields": {"name": "Can change log entry", "content_type": 1, "codename": "change_logentry"}}, {"model": "auth.permission", "pk": 3, "fields": {"name": "Can delete log entry", "content_type": 1, "codename": "delete_logentry"}}, {"model": "auth.permission", "pk": 4, "fields": {"name": "Can view log entry", "content_type": 1, "codename": "view_logentry"}}, {"model": "auth.permission", "pk": 5, "fields": {"name": "Can add permission", "content_type": 2, "codename": "add_permission"}}, {"model": "auth.permission", "pk": 6, "fields": {"name": "Can change permission", "content_type": 2, "codename": "change_permission"}}, {"model": "auth.permission", "pk": 7, "fields": {"name": "Can delete permission", "content_type": 2, "codename": "delete_permission"}}, {"model": "auth.permission", "pk": 8, "fields": {"name": "Can view permission", "content_type": 2, "codename": "view_permission"}}, {"model": "auth.permission", "pk": 9, "fields": {"name": "Can add group", "content_type": 3, "codename": "add_group"}}, {"model": "auth.permission", "pk": 10, "fields": {"name": "Can change group", "content_type": 3, "codename": "change_group"}}, {"model": "auth.permission", "pk": 11, "fields": {"name": "Can delete group", "content_type": 3, "codename": "delete_group"}}, {"model": "auth.permission", "pk": 12, "fields": {"name": "Can view group", "content_type": 3, "codename": "view_group"}}, {"model": "auth.permission", "pk": 13, "fields": {"name": "Can add user", "content_type": 4, "codename": "add_user"}}, {"model": "auth.permission", "pk": 14, "fields": {"name": "Can change user", "content_type": 4, "codename": "change_user"}}, {"model": "auth.permission", "pk": 15, "fields": {"name": "Can delete user", "content_type": 4, "codename": "delete_user"}}, {"model": "auth.permission", "pk": 16, "fields": {"name": "Can view user", "content_type": 4, "codename": "view_user"}}, {"model": "auth.permission", "pk": 17, "fields": {"name": "Can add content type", "content_type": 5, "codename": "add_contenttype"}}, {"model": "auth.permission", "pk": 18, "fields": {"name": "Can change content type", "content_type": 5, "codename": "change_contenttype"}}, {"model": "auth.permission", "pk": 19, "fields": {"name": "Can delete content type", "content_type": 5, "codename": "delete_contenttype"}}, {"model": "auth.permission", "pk": 20, "fields": {"name": "Can view content type", "content_type": 5, "codename": "view_contenttype"}}, {"model": "auth.permission", "pk": 21, "fields": {"name": "Can add session", "content_type": 6, "codename": "add_session"}}, {"model": "auth.permission", "pk": 22, "fields": {"name": "Can change session", "content_type": 6, "codename": "change_session"}}, {"model": "auth.permission", "pk": 23, "fields": {"name": "Can delete session", "content_type": 6, "codename": "delete_session"}}, {"model": "auth.permission", "pk": 24, "fields": {"name": "Can view session", "content_type": 6, "codename": "view_session"}}, {"model": "auth.permission", "pk": 25, "fields": {"name": "Can add contact", "content_type": 7, "codename": "add_contact"}}, {"model": "auth.permission", "pk": 26, "fields": {"name": "Can change contact", "content_type": 7, "codename": "change_contact"}}, {"model": "auth.permission", "pk": 27, "fields": {"name": "Can delete contact", "content_type": 7, "codename": "delete_contact"}}, {"model": "auth.permission", "pk": 28, "fields": {"name": "Can view contact", "content_type": 7, "codename": "view_contact"}}, {"model": "auth.permission", "pk": 29, "fields": {"name": "Can add opening_hour", "content_type": 8, "codename": "add_opening_hour"}}, {"model": "auth.permission", "pk": 30, "fields": {"name": "Can change opening_hour", "content_type": 8, "codename": "change_opening_hour"}}, {"model": "auth.permission", "pk": 31, "fields": {"name": "Can delete opening_hour", "content_type": 8, "codename": "delete_opening_hour"}}, {"model": "auth.permission", "pk": 32, "fields": {"name": "Can view opening_hour", "content_type": 8, "codename": "view_opening_hour"}}, {"model": "auth.permission", "pk": 33, "fields": {"name": "Can add image", "content_type": 9, "codename": "add_image"}}, {"model": "auth.permission", "pk": 34, "fields": {"name": "Can change image", "content_type": 9, "codename": "change_image"}}, {"model": "auth.permission", "pk": 35, "fields": {"name": "Can delete image", "content_type": 9, "codename": "delete_image"}}, {"model": "auth.permission", "pk": 36, "fields": {"name": "Can view image", "content_type": 9, "codename": "view_image"}}, {"model": "auth.permission", "pk": 37, "fields": {"name": "Can add gallery", "content_type": 10, "codename": "add_gallery"}}, {"model": "auth.permission", "pk": 38, "fields": {"name": "Can change gallery", "content_type": 10, "codename": "change_gallery"}}, {"model": "auth.permission", "pk": 39, "fields": {"name": "Can delete gallery", "content_type": 10, "codename": "delete_gallery"}}, {"model": "auth.permission", "pk": 40, "fields": {"name": "Can view gallery", "content_type": 10, "codename": "view_gallery"}}, {"model": "auth.permission", "pk": 41, "fields": {"name": "Can add bank account", "content_type": 11, "codename": "add_bankaccount"}}, {"model": "auth.permission", "pk": 42, "fields": {"name": "Can change bank account", "content_type": 11, "codename": "change_bankaccount"}}, {"model": "auth.permission", "pk": 43, "fields": {"name": "Can delete bank account", "content_type": 11, "codename": "delete_bankaccount"}}, {"model": "auth.permission", "pk": 44, "fields": {"name": "Can view bank account", "content_type": 11, "codename": "view_bankaccount"}}, {"model": "auth.permission", "pk": 45, "fields": {"name": "Can add cash", "content_type": 12, "codename": "add_cash"}}, {"model": "auth.permission", "pk": 46, "fields": {"name": "Can change cash", "content_type": 12, "codename": "change_cash"}}, {"model": "auth.permission", "pk": 47, "fields": {"name": "Can delete cash", "content_type": 12, "codename": "delete_cash"}}, {"model": "auth.permission", "pk": 48, "fields": {"name": "Can view cash", "content_type": 12, "codename": "view_cash"}}, {"model": "auth.permission", "pk": 49, "fields": {"name": "Can add balance log", "content_type": 13, "codename": "add_balancelog"}}, {"model": "auth.permission", "pk": 50, "fields": {"name": "Can change balance log", "content_type": 13, "codename": "change_balancelog"}}, {"model": "auth.permission", "pk": 51, "fields": {"name": "Can delete balance log", "content_type": 13, "codename": "delete_balancelog"}}, {"model": "auth.permission", "pk": 52, "fields": {"name": "Can view balance log", "content_type": 13, "codename": "view_balancelog"}}, {"model": "auth.permission", "pk": 53, "fields": {"name": "Can add amount log", "content_type": 14, "codename": "add_amountlog"}}, {"model": "auth.permission", "pk": 54, "fields": {"name": "Can change amount log", "content_type": 14, "codename": "change_amountlog"}}, {"model": "auth.permission", "pk": 55, "fields": {"name": "Can delete amount log", "content_type": 14, "codename": "delete_amountlog"}}, {"model": "auth.permission", "pk": 56, "fields": {"name": "Can view amount log", "content_type": 14, "codename": "view_amountlog"}}, {"model": "auth.permission", "pk": 57, "fields": {"name": "Can add transaction", "content_type": 15, "codename": "add_transaction"}}, {"model": "auth.permission", "pk": 58, "fields": {"name": "Can change transaction", "content_type": 15, "codename": "change_transaction"}}, {"model": "auth.permission", "pk": 59, "fields": {"name": "Can delete transaction", "content_type": 15, "codename": "delete_transaction"}}, {"model": "auth.permission", "pk": 60, "fields": {"name": "Can view transaction", "content_type": 15, "codename": "view_transaction"}}, {"model": "auth.permission", "pk": 61, "fields": {"name": "Can add income", "content_type": 16, "codename": "add_income"}}, {"model": "auth.permission", "pk": 62, "fields": {"name": "Can change income", "content_type": 16, "codename": "change_income"}}, {"model": "auth.permission", "pk": 63, "fields": {"name": "Can delete income", "content_type": 16, "codename": "delete_income"}}, {"model": "auth.permission", "pk": 64, "fields": {"name": "Can view income", "content_type": 16, "codename": "view_income"}}, {"model": "auth.permission", "pk": 65, "fields": {"name": "Can add expenditure", "content_type": 17, "codename": "add_expenditure"}}, {"model": "auth.permission", "pk": 66, "fields": {"name": "Can change expenditure", "content_type": 17, "codename": "change_expenditure"}}, {"model": "auth.permission", "pk": 67, "fields": {"name": "Can delete expenditure", "content_type": 17, "codename": "delete_expenditure"}}, {"model": "auth.permission", "pk": 68, "fields": {"name": "Can view expenditure", "content_type": 17, "codename": "view_expenditure"}}, {"model": "auth.permission", "pk": 69, "fields": {"name": "Can add portfolio", "content_type": 18, "codename": "add_portfolio"}}, {"model": "auth.permission", "pk": 70, "fields": {"name": "Can change portfolio", "content_type": 18, "codename": "change_portfolio"}}, {"model": "auth.permission", "pk": 71, "fields": {"name": "Can delete portfolio", "content_type": 18, "codename": "delete_portfolio"}}, {"model": "auth.permission", "pk": 72, "fields": {"name": "Can view portfolio", "content_type": 18, "codename": "view_portfolio"}}, {"model": "auth.permission", "pk": 73, "fields": {"name": "Can add portfolio value log", "content_type": 19, "codename": "add_portfoliovaluelog"}}, {"model": "auth.permission", "pk": 74, "fields": {"name": "Can change portfolio value log", "content_type": 19, "codename": "change_portfoliovaluelog"}}, {"model": "auth.permission", "pk": 75, "fields": {"name": "Can delete portfolio value log", "content_type": 19, "codename": "delete_portfoliovaluelog"}}, {"model": "auth.permission", "pk": 76, "fields": {"name": "Can view portfolio value log", "content_type": 19, "codename": "view_portfoliovaluelog"}}, {"model": "auth.permission", "pk": 77, "fields": {"name": "Can add stock in portfolio", "content_type": 20, "codename": "add_stockinportfolio"}}, {"model": "auth.permission", "pk": 78, "fields": {"name": "Can change stock in portfolio", "content_type": 20, "codename": "change_stockinportfolio"}}, {"model": "auth.permission", "pk": 79, "fields": {"name": "Can delete stock in portfolio", "content_type": 20, "codename": "delete_stockinportfolio"}}, {"model": "auth.permission", "pk": 80, "fields": {"name": "Can view stock in portfolio", "content_type": 20, "codename": "view_stockinportfolio"}}, {"model": "auth.permission", "pk": 81, "fields": {"name": "Can add stock transaction", "content_type": 21, "codename": "add_stocktransaction"}}, {"model": "auth.permission", "pk": 82, "fields": {"name": "Can change stock transaction", "content_type": 21, "codename": "change_stocktransaction"}}, {"model": "auth.permission", "pk": 83, "fields": {"name": "Can delete stock transaction", "content_type": 21, "codename": "delete_stocktransaction"}}, {"model": "auth.permission", "pk": 84, "fields": {"name": "Can view stock transaction", "content_type": 21, "codename": "view_stocktransaction"}}, {"model": "auth.permission", "pk": 85, "fields": {"name": "Can add category", "content_type": 22, "codename": "add_category"}}, {"model": "auth.permission", "pk": 86, "fields": {"name": "Can change category", "content_type": 22, "codename": "change_category"}}, {"model": "auth.permission", "pk": 87, "fields": {"name": "Can delete category", "content_type": 22, "codename": "delete_category"}}, {"model": "auth.permission", "pk": 88, "fields": {"name": "Can view category", "content_type": 22, "codename": "view_category"}}, {"model": "auth.permission", "pk": 89, "fields": {"name": "Can add habit", "content_type": 23, "codename": "add_habit"}}, {"model": "auth.permission", "pk": 90, "fields": {"name": "Can change habit", "content_type": 23, "codename": "change_habit"}}, {"model": "auth.permission", "pk": 91, "fields": {"name": "Can delete habit", "content_type": 23, "codename": "delete_habit"}}, {"model": "auth.permission", "pk": 92, "fields": {"name": "Can view habit", "content_type": 23, "codename": "view_habit"}}, {"model": "auth.permission", "pk": 93, "fields": {"name": "Can add habit event", "content_type": 24, "codename": "add_habitevent"}}, {"model": "auth.permission", "pk": 94, "fields": {"name": "Can change habit event", "content_type": 24, "codename": "change_habitevent"}}, {"model": "auth.permission", "pk": 95, "fields": {"name": "Can delete habit event", "content_type": 24, "codename": "delete_habitevent"}}, {"model": "auth.permission", "pk": 96, "fields": {"name": "Can view habit event", "content_type": 24, "codename": "view_habitevent"}}, {"model": "auth.permission", "pk": 97, "fields": {"name": "Can add entry", "content_type": 25, "codename": "add_entry"}}, {"model": "auth.permission", "pk": 98, "fields": {"name": "Can change entry", "content_type": 25, "codename": "change_entry"}}, {"model": "auth.permission", "pk": 99, "fields": {"name": "Can delete entry", "content_type": 25, "codename": "delete_entry"}}, {"model": "auth.permission", "pk": 100, "fields": {"name": "Can view entry", "content_type": 25, "codename": "view_entry"}}, {"model": "auth.user", "pk": 1, "fields": {"password": "pbkdf2_sha256$720000$RiwFNoBj8GXFOziQdRqoFy$cyBC7hXewHen6ZWu0WZUKqyySv068R7n9THuR/eqL+8=", "last_login": "2024-01-05T10:18:49.942Z", "is_superuser": true, "username": "leonardo", "first_name": "", "last_name": "", "email": "admin@example.com", "is_staff": true, "is_active": true, "date_joined": "2023-12-26T11:07:15.350Z", "groups": [], "user_permissions": []}}, {"model": "contenttypes.contenttype", "pk": 1, "fields": {"app_label": "admin", "model": "logentry"}}, {"model": "contenttypes.contenttype", "pk": 2, "fields": {"app_label": "auth", "model": "permission"}}, {"model": "contenttypes.contenttype", "pk": 3, "fields": {"app_label": "auth", "model": "group"}}, {"model": "contenttypes.contenttype", "pk": 4, "fields": {"app_label": "auth", "model": "user"}}, {"model": "contenttypes.contenttype", "pk": 5, "fields": {"app_label": "contenttypes", "model": "contenttype"}}, {"model": "contenttypes.contenttype", "pk": 6, "fields": {"app_label": "sessions", "model": "session"}}, {"model": "contenttypes.contenttype", "pk": 7, "fields": {"app_label": "website", "model": "contact"}}, {"model": "contenttypes.contenttype", "pk": 8, "fields": {"app_label": "website", "model": "opening_hour"}}, {"model": "contenttypes.contenttype", "pk": 9, "fields": {"app_label": "website", "model": "image"}}, {"model": "contenttypes.contenttype", "pk": 10, "fields": {"app_label": "website", "model": "gallery"}}, {"model": "contenttypes.contenttype", "pk": 11, "fields": {"app_label": "transactions", "model": "bankaccount"}}, {"model": "contenttypes.contenttype", "pk": 12, "fields": {"app_label": "transactions", "model": "cash"}}, {"model": "contenttypes.contenttype", "pk": 13, "fields": {"app_label": "transactions", "model": "balancelog"}}, {"model": "contenttypes.contenttype", "pk": 14, "fields": {"app_label": "transactions", "model": "amountlog"}}, {"model": "contenttypes.contenttype", "pk": 15, "fields": {"app_label": "transactions", "model": "transaction"}}, {"model": "contenttypes.contenttype", "pk": 16, "fields": {"app_label": "transactions", "model": "income"}}, {"model": "contenttypes.contenttype", "pk": 17, "fields": {"app_label": "transactions", "model": "expenditure"}}, {"model": "contenttypes.contenttype", "pk": 18, "fields": {"app_label": "transactions", "model": "portfolio"}}, {"model": "contenttypes.contenttype", "pk": 19, "fields": {"app_label": "transactions", "model": "portfoliovaluelog"}}, {"model": "contenttypes.contenttype", "pk": 20, "fields": {"app_label": "transactions", "model": "stockinportfolio"}}, {"model": "contenttypes.contenttype", "pk": 21, "fields": {"app_label": "transactions", "model": "stocktransaction"}}, {"model": "contenttypes.contenttype", "pk": 22, "fields": {"app_label": "habits", "model": "category"}}, {"model": "contenttypes.contenttype", "pk": 23, "fields": {"app_label": "habits", "model": "habit"}}, {"model": "contenttypes.contenttype", "pk": 24, "fields": {"app_label": "habits", "model": "habitevent"}}, {"model": "contenttypes.contenttype", "pk": 25, "fields": {"app_label": "journal", "model": "entry"}}, {"model": "sessions.session", "pk": "2myi9980pe579gz8fjbnn6coydlb9frb", "fields": {"session_data": ".eJxVjMsOwiAQRf-FtSG8LODSfb-BMMwgVQNJaVfGf1eSLnR7zrn3xULctxL2TmtYkF2YZKdfBjE9qA6B91hvjadWt3UBPhJ-2M7nhvS8Hu3fQYm9jLUEcta7rBWaM6JHbykbNWVNOOkvF8ooIwyJJLwEH6Ukpx3YnMCQZe8P5uY35Q:1rIESA:YBOzKTV5OuSF-0jt1tOES-sBstBWnzvxUAiY0U8vphQ", "expire_date": "2024-01-09T20:55:06.267Z"}}, {"model": "sessions.session", "pk": "hv79vd586h3z6kvyur76fetbiy061g2r", "fields": {"session_data": ".eJxVjMsOwiAQRf-FtSG8LODSfb-BMMwgVQNJaVfGf1eSLnR7zrn3xULctxL2TmtYkF2YZKdfBjE9qA6B91hvjadWt3UBPhJ-2M7nhvS8Hu3fQYm9jLUEcta7rBWaM6JHbykbNWVNOOkvF8ooIwyJJLwEH6Ukpx3YnMCQZe8P5uY35Q:1rJGRT:d5-kwh1lBbQcHYxR8VzUffQT37rAoHSKBzK2vf3PPDo", "expire_date": "2024-01-12T17:14:39.155Z"}}, {"model": "sessions.session", "pk": "oovmt6p3hm8gxroqusfprfoj4kdzq3d7", "fields": {"session_data": ".eJxVjMsOwiAQRf-FtSG8LODSfb-BMMwgVQNJaVfGf1eSLnR7zrn3xULctxL2TmtYkF2YZKdfBjE9qA6B91hvjadWt3UBPhJ-2M7nhvS8Hu3fQYm9jLUEcta7rBWaM6JHbykbNWVNOOkvF8ooIwyJJLwEH6Ukpx3YnMCQZe8P5uY35Q:1rLhHt:K6hL3FVM8mFng7brR-roTWN0jt666yea1KmscM5yjdY", "expire_date": "2024-01-19T10:18:49.944Z"}}, {"model": "sessions.session", "pk": "p63tt5w7nh00zzwlmknmmbcfygkg27a7", "fields": {"session_data": ".eJxVjMsOwiAQRf-FtSG8LODSfb-BMMwgVQNJaVfGf1eSLnR7zrn3xULctxL2TmtYkF2YZKdfBjE9qA6B91hvjadWt3UBPhJ-2M7nhvS8Hu3fQYm9jLUEcta7rBWaM6JHbykbNWVNOOkvF8ooIwyJJLwEH6Ukpx3YnMCQZe8P5uY35Q:1rIESO:fXNQ-vLI5Ca4uj5vOV67DJBSNhxeuAhFUHlTOdgyeoY", "expire_date": "2024-01-09T20:55:20.043Z"}}, {"model": "sessions.session", "pk": "rg0daa35gu4bvgc7lk684yecxrfbu3z0", "fields": {"session_data": ".eJxVjMsOwiAQRf-FtSG8LODSfb-BMMwgVQNJaVfGf1eSLnR7zrn3xULctxL2TmtYkF2YZKdfBjE9qA6B91hvjadWt3UBPhJ-2M7nhvS8Hu3fQYm9jLUEcta7rBWaM6JHbykbNWVNOOkvF8ooIwyJJLwEH6Ukpx3YnMCQZe8P5uY35Q:1rIETA:AkfxwCrcyUCg6dlP0qLOAWgmF7kxs9T_W6Q-b5qsChE", "expire_date": "2024-01-09T20:56:08.891Z"}}, {"model": "sessions.session", "pk": "y03jo1rj4ri2td9x4j5t56x65z93voxm", "fields": {"session_data": ".eJxVjMsOwiAQRf-FtSG8LODSfb-BMMwgVQNJaVfGf1eSLnR7zrn3xULctxL2TmtYkF2YZKdfBjE9qA6B91hvjadWt3UBPhJ-2M7nhvS8Hu3fQYm9jLUEcta7rBWaM6JHbykbNWVNOOkvF8ooIwyJJLwEH6Ukpx3YnMCQZe8P5uY35Q:1rI5IE:4G4gIjqnYcK8_BNzEPkBq-mzApYiCKxGGTdkKiQcXDg", "expire_date": "2024-01-09T11:08:14.884Z"}}, {"model": "transactions.bankaccount", "pk": 3, "fields": {"name": "Poste", "balance": "44.48", "start_date": "2023-12-29"}}, {"model": "transactions.bankaccount", "pk": 4, "fields": {"name": "BCC", "balance": "1010.24", "start_date": "2023-12-29"}}, {"model": "transactions.cash", "pk": 3, "fields": {"amount": "140.95", "start_date": "2023-12-29"}}, {"model": "transactions.balancelog", "pk": 5, "fields": {"bank_account": 3, "balance": "93.48", "timestamp": "2023-12-31T11:36:50.719Z"}}, {"model": "transactions.balancelog", "pk": 6, "fields": {"bank_account": 3, "balance": "44.48", "timestamp": "2023-12-31T15:32:15.061Z"}}, {"model": "transactions.balancelog", "pk": 7, "fields": {"bank_account": 4, "balance": "999.79", "timestamp": "2023-12-31T15:34:45.826Z"}}, {"model": "transactions.balancelog", "pk": 8, "fields": {"bank_account": 4, "balance": "933.61", "timestamp": "2024-01-05T10:20:25.168Z"}}, {"model": "transactions.balancelog", "pk": 9, "fields": {"bank_account": 4, "balance": "933.56", "timestamp": "2024-01-05T10:21:22.686Z"}}, {"model": "transactions.balancelog", "pk": 10, "fields": {"bank_account": 4, "balance": "930.46", "timestamp": "2024-01-05T10:22:06.278Z"}}, {"model": "transactions.balancelog", "pk": 11, "fields": {"bank_account": 4, "balance": "944.06", "timestamp": "2024-01-05T10:27:22.542Z"}}, {"model": "transactions.balancelog", "pk": 12, "fields": {"bank_account": 4, "balance": "1010.24", "timestamp": "2024-01-06T10:51:28.796Z"}}, {"model": "transactions.amountlog", "pk": 3, "fields": {"cash": 3, "amount": "156.45", "timestamp": "2023-12-31T15:30:36.829Z"}}, {"model": "transactions.amountlog", "pk": 4, "fields": {"cash": 3, "amount": "155.85", "timestamp": "2024-01-02T11:29:28.973Z"}}, {"model": "transactions.amountlog", "pk": 5, "fields": {"cash": 3, "amount": "155.25", "timestamp": "2024-01-02T13:23:22.312Z"}}, {"model": "transactions.amountlog", "pk": 6, "fields": {"cash": 3, "amount": "141.55", "timestamp": "2024-01-03T07:51:56.035Z"}}, {"model": "transactions.amountlog", "pk": 7, "fields": {"cash": 3, "amount": "140.95", "timestamp": "2024-01-04T19:23:19.535Z"}}, {"model": "transactions.transaction", "pk": 3, "fields": {"date": "2023-12-31", "time": "12:35:00", "amount": "7.99", "description": "Iliad", "bank_account": 3, "cash": null}}, {"model": "transactions.transaction", "pk": 6, "fields": {"date": "2023-12-30", "time": "16:30:00", "amount": "5.00", "description": "mancia", "bank_account": null, "cash": 3}}, {"model": "transactions.transaction", "pk": 7, "fields": {"date": "2023-12-31", "time": "15:30:00", "amount": "49.00", "description": "psicologa 02/01", "bank_account": 3, "cash": null}}, {"model": "transactions.transaction", "pk": 8, "fields": {"date": "2023-12-30", "time": "19:45:00", "amount": "66.18", "description": "benzina - pieno", "bank_account": 4, "cash": null}}, {"model": "transactions.transaction", "pk": 9, "fields": {"date": "2024-01-02", "time": "11:28:00", "amount": "1.20", "description": "Caffè", "bank_account": null, "cash": 3}}, {"model": "transactions.transaction", "pk": 10, "fields": {"date": "2024-01-03", "time": "08:51:00", "amount": "13.70", "description": "cartine e tabacco colazione", "bank_account": null, "cash": 3}}, {"model": "transactions.transaction", "pk": 11, "fields": {"date": "2024-01-04", "time": "20:22:00", "amount": "0.60", "description": "Caffe", "bank_account": null, "cash": 3}}, {"model": "transactions.transaction", "pk": 12, "fields": {"date": "2024-01-03", "time": "19:45:00", "amount": "66.18", "description": "benzina - pieno", "bank_account": 4, "cash": null}}, {"model": "transactions.transaction", "pk": 13, "fields": {"date": "2024-01-04", "time": "22:32:00", "amount": "3.15", "description": "commisione digital ocean", "bank_account": 4, "cash": null}}, {"model": "transactions.transaction", "pk": 14, "fields": {"date": "2024-01-03", "time": "11:25:00", "amount": "13.60", "description": "interessi e competenze da bcc", "bank_account": 4, "cash": null}}, {"model": "transactions.transaction", "pk": 15, "fields": {"date": "2024-01-06", "time": "11:50:00", "amount": "66.18", "description": "arrotondamento, aggiunta due volte una spesa per errore", "bank_account": 4, "cash": null}}, {"model": "transactions.income", "pk": 14, "fields": {"type": "Other"}}, {"model": "transactions.income", "pk": 15, "fields": {"type": "Other"}}, {"model": "transactions.expenditure", "pk": 3, "fields": {"type": "Bills"}}, {"model": "transactions.expenditure", "pk": 6, "fields": {"type": "Other"}}, {"model": "transactions.expenditure", "pk": 7, "fields": {"type": "Health"}}, {"model": "transactions.expenditure", "pk": 8, "fields": {"type": "Transport"}}, {"model": "transactions.expenditure", "pk": 9, "fields": {"type": "Food"}}, {"model": "transactions.expenditure", "pk": 10, "fields": {"type": "Personal Expense"}}, {"model": "transactions.expenditure", "pk": 11, "fields": {"type": "Food"}}, {"model": "transactions.expenditure", "pk": 12, "fields": {"type": "Transport"}}, {"model": "transactions.expenditure", "pk": 13, "fields": {"type": "Bills"}}, {"model": "habits.category", "pk": 1, "fields": {"name": "corpo", "color": "#007bff", "icon": "fa-solid fa-male"}}, {"model": "habits.category", "pk": 2, "fields": {"name": "Igiene", "color": "#4dff00", "icon": "fa-solid fa-shower"}}, {"model": "habits.category", "pk": 3, "fields": {"name": "fumo", "color": "#757d84", "icon": "fa-solid fa-smoking"}}, {"model": "habits.category", "pk": 4, "fields": {"name": "Fitness", "color": "#a10ac7", "icon": "fa-solid fa-dumbbell"}}, {"model": "habits.category", "pk": 5, "fields": {"name": "mente", "color": "#eeff00", "icon": "fa-solid fa-brain"}}, {"model": "habits.habit", "pk": 1, "fields": {"name": "Sigarette", "description": null, "category": 3}}, {"model": "habits.habit", "pk": 2, "fields": {"name": "lavarsi i denti", "description": null, "category": 2}}, {"model": "habits.habit", "pk": 3, "fields": {"name": "Cacare", "description": null, "category": 1}}, {"model": "habits.habit", "pk": 4, "fields": {"name": "Yoga", "description": null, "category": 4}}, {"model": "habits.habit", "pk": 5, "fields": {"name": "Colazione", "description": null, "category": 1}}, {"model": "habits.habit", "pk": 6, "fields": {"name": "Doccia", "description": null, "category": 2}}, {"model": "habits.habit", "pk": 8, "fields": {"name": "meditation", "description": null, "category": 5}}, {"model": "habits.habit", "pk": 9, "fields": {"name": "porn", "description": null, "category": 5}}, {"model": "habits.habit", "pk": 10, "fields": {"name": "masturbation", "description": null, "category": 1}}, {"model": "habits.habit", "pk": 11, "fields": {"name": "pesi", "description": null, "category": 4}}, {"model": "habits.habit", "pk": 12, "fields": {"name": "corsa", "description": null, "category": 4}}, {"model": "habits.habit", "pk": 13, "fields": {"name": "canne", "description": null, "category": 3}}, {"model": "habits.habitevent", "pk": 1, "fields": {"habit": 1, "date": "2023-12-26", "time": "20:21:00"}}, {"model": "habits.habitevent", "pk": 2, "fields": {"habit": 1, "date": "2023-12-26", "time": "22:52:00"}}, {"model": "habits.habitevent", "pk": 3, "fields": {"habit": 1, "date": "2023-12-27", "time": "07:00:00"}}, {"model": "habits.habitevent", "pk": 4, "fields": {"habit": 3, "date": "2023-12-27", "time": "07:09:00"}}, {"model": "habits.habitevent", "pk": 5, "fields": {"habit": 2, "date": "2023-12-27", "time": "07:12:00"}}, {"model": "habits.habitevent", "pk": 6, "fields": {"habit": 4, "date": "2023-12-27", "time": "07:17:00"}}, {"model": "habits.habitevent", "pk": 7, "fields": {"habit": 5, "date": "2023-12-27", "time": "07:26:00"}}, {"model": "habits.habitevent", "pk": 8, "fields": {"habit": 6, "date": "2023-12-27", "time": "07:53:00"}}, {"model": "habits.habitevent", "pk": 9, "fields": {"habit": 2, "date": "2023-12-27", "time": "07:55:00"}}, {"model": "habits.habitevent", "pk": 10, "fields": {"habit": 1, "date": "2023-12-27", "time": "08:01:00"}}, {"model": "habits.habitevent", "pk": 11, "fields": {"habit": 1, "date": "2023-12-27", "time": "08:46:00"}}, {"model": "habits.habitevent", "pk": 12, "fields": {"habit": 1, "date": "2023-12-27", "time": "12:30:00"}}, {"model": "habits.habitevent", "pk": 13, "fields": {"habit": 1, "date": "2023-12-27", "time": "13:55:00"}}, {"model": "habits.habitevent", "pk": 16, "fields": {"habit": 3, "date": "2023-12-27", "time": "14:30:00"}}, {"model": "habits.habitevent", "pk": 17, "fields": {"habit": 1, "date": "2023-12-27", "time": "17:11:00"}}, {"model": "habits.habitevent", "pk": 18, "fields": {"habit": 1, "date": "2023-12-27", "time": "18:12:00"}}, {"model": "habits.habitevent", "pk": 20, "fields": {"habit": 1, "date": "2023-12-27", "time": "20:35:00"}}, {"model": "habits.habitevent", "pk": 21, "fields": {"habit": 1, "date": "2023-12-27", "time": "23:23:00"}}, {"model": "habits.habitevent", "pk": 22, "fields": {"habit": 2, "date": "2023-12-27", "time": "23:24:00"}}, {"model": "habits.habitevent", "pk": 24, "fields": {"habit": 9, "date": "2023-12-27", "time": "23:35:00"}}, {"model": "habits.habitevent", "pk": 25, "fields": {"habit": 1, "date": "2023-12-28", "time": "07:40:00"}}, {"model": "habits.habitevent", "pk": 26, "fields": {"habit": 2, "date": "2023-12-28", "time": "08:00:00"}}, {"model": "habits.habitevent", "pk": 27, "fields": {"habit": 3, "date": "2023-12-28", "time": "08:00:00"}}, {"model": "habits.habitevent", "pk": 28, "fields": {"habit": 6, "date": "2023-12-28", "time": "08:04:00"}}, {"model": "habits.habitevent", "pk": 29, "fields": {"habit": 1, "date": "2023-12-28", "time": "08:40:00"}}, {"model": "habits.habitevent", "pk": 30, "fields": {"habit": 1, "date": "2023-12-28", "time": "10:25:00"}}, {"model": "habits.habitevent", "pk": 31, "fields": {"habit": 1, "date": "2023-12-28", "time": "13:01:00"}}, {"model": "habits.habitevent", "pk": 32, "fields": {"habit": 1, "date": "2023-12-28", "time": "14:28:00"}}, {"model": "habits.habitevent", "pk": 33, "fields": {"habit": 1, "date": "2023-12-28", "time": "16:46:00"}}, {"model": "habits.habitevent", "pk": 34, "fields": {"habit": 2, "date": "2023-12-28", "time": "15:15:00"}}, {"model": "habits.habitevent", "pk": 35, "fields": {"habit": 10, "date": "2023-12-28", "time": "17:38:00"}}, {"model": "habits.habitevent", "pk": 36, "fields": {"habit": 1, "date": "2023-12-28", "time": "20:05:00"}}, {"model": "habits.habitevent", "pk": 38, "fields": {"habit": 1, "date": "2023-12-28", "time": "20:58:00"}}, {"model": "habits.habitevent", "pk": 39, "fields": {"habit": 1, "date": "2023-12-28", "time": "22:58:00"}}, {"model": "habits.habitevent", "pk": 40, "fields": {"habit": 1, "date": "2023-12-29", "time": "07:26:00"}}, {"model": "habits.habitevent", "pk": 41, "fields": {"habit": 1, "date": "2023-12-29", "time": "08:40:00"}}, {"model": "habits.habitevent", "pk": 42, "fields": {"habit": 1, "date": "2023-12-29", "time": "11:04:00"}}, {"model": "habits.habitevent", "pk": 43, "fields": {"habit": 1, "date": "2023-12-29", "time": "13:02:00"}}, {"model": "habits.habitevent", "pk": 44, "fields": {"habit": 1, "date": "2023-12-29", "time": "13:57:00"}}, {"model": "habits.habitevent", "pk": 45, "fields": {"habit": 1, "date": "2023-12-29", "time": "16:54:00"}}, {"model": "habits.habitevent", "pk": 46, "fields": {"habit": 1, "date": "2023-12-29", "time": "19:12:00"}}, {"model": "habits.habitevent", "pk": 47, "fields": {"habit": 1, "date": "2023-12-29", "time": "19:31:00"}}, {"model": "habits.habitevent", "pk": 48, "fields": {"habit": 1, "date": "2023-12-29", "time": "20:54:00"}}, {"model": "habits.habitevent", "pk": 49, "fields": {"habit": 1, "date": "2023-12-29", "time": "23:02:00"}}, {"model": "habits.habitevent", "pk": 50, "fields": {"habit": 10, "date": "2023-12-30", "time": "10:54:00"}}, {"model": "habits.habitevent", "pk": 51, "fields": {"habit": 1, "date": "2023-12-30", "time": "13:20:00"}}, {"model": "habits.habitevent", "pk": 52, "fields": {"habit": 1, "date": "2023-12-30", "time": "13:20:00"}}, {"model": "habits.habitevent", "pk": 53, "fields": {"habit": 1, "date": "2023-12-30", "time": "15:11:00"}}, {"model": "habits.habitevent", "pk": 54, "fields": {"habit": 1, "date": "2023-12-30", "time": "17:56:00"}}, {"model": "habits.habitevent", "pk": 55, "fields": {"habit": 1, "date": "2023-12-30", "time": "18:48:00"}}, {"model": "habits.habitevent", "pk": 56, "fields": {"habit": 6, "date": "2023-12-30", "time": "18:30:00"}}, {"model": "habits.habitevent", "pk": 57, "fields": {"habit": 1, "date": "2023-12-30", "time": "20:00:00"}}, {"model": "habits.habitevent", "pk": 58, "fields": {"habit": 1, "date": "2023-12-30", "time": "20:00:00"}}, {"model": "habits.habitevent", "pk": 59, "fields": {"habit": 1, "date": "2023-12-30", "time": "21:00:00"}}, {"model": "habits.habitevent", "pk": 60, "fields": {"habit": 1, "date": "2023-12-31", "time": "03:29:00"}}, {"model": "habits.habitevent", "pk": 61, "fields": {"habit": 1, "date": "2023-12-31", "time": "12:00:00"}}, {"model": "habits.habitevent", "pk": 62, "fields": {"habit": 1, "date": "2023-12-31", "time": "14:58:00"}}, {"model": "habits.habitevent", "pk": 63, "fields": {"habit": 1, "date": "2023-12-31", "time": "17:31:00"}}, {"model": "habits.habitevent", "pk": 64, "fields": {"habit": 1, "date": "2023-12-31", "time": "21:00:00"}}, {"model": "habits.habitevent", "pk": 65, "fields": {"habit": 1, "date": "2023-12-31", "time": "20:00:00"}}, {"model": "habits.habitevent", "pk": 66, "fields": {"habit": 1, "date": "2023-12-31", "time": "22:00:00"}}, {"model": "habits.habitevent", "pk": 67, "fields": {"habit": 1, "date": "2023-12-31", "time": "22:23:00"}}, {"model": "habits.habitevent", "pk": 68, "fields": {"habit": 1, "date": "2023-12-31", "time": "23:14:00"}}, {"model": "habits.habitevent", "pk": 69, "fields": {"habit": 1, "date": "2024-01-01", "time": "00:12:00"}}, {"model": "habits.habitevent", "pk": 70, "fields": {"habit": 1, "date": "2024-01-01", "time": "01:05:00"}}, {"model": "habits.habitevent", "pk": 71, "fields": {"habit": 1, "date": "2024-01-01", "time": "01:50:00"}}, {"model": "habits.habitevent", "pk": 72, "fields": {"habit": 1, "date": "2024-01-01", "time": "10:42:00"}}, {"model": "habits.habitevent", "pk": 73, "fields": {"habit": 4, "date": "2024-01-01", "time": "11:04:00"}}, {"model": "habits.habitevent", "pk": 74, "fields": {"habit": 10, "date": "2024-01-01", "time": "12:04:00"}}, {"model": "habits.habitevent", "pk": 75, "fields": {"habit": 1, "date": "2024-01-01", "time": "12:08:00"}}, {"model": "habits.habitevent", "pk": 76, "fields": {"habit": 13, "date": "2024-01-01", "time": "00:27:00"}}, {"model": "habits.habitevent", "pk": 77, "fields": {"habit": 10, "date": "2024-01-01", "time": "14:12:00"}}, {"model": "habits.habitevent", "pk": 78, "fields": {"habit": 1, "date": "2024-01-01", "time": "16:17:00"}}, {"model": "habits.habitevent", "pk": 79, "fields": {"habit": 1, "date": "2024-01-01", "time": "17:39:00"}}, {"model": "habits.habitevent", "pk": 80, "fields": {"habit": 1, "date": "2024-01-01", "time": "20:43:00"}}, {"model": "habits.habitevent", "pk": 81, "fields": {"habit": 1, "date": "2024-01-02", "time": "07:05:00"}}, {"model": "habits.habitevent", "pk": 82, "fields": {"habit": 1, "date": "2024-01-02", "time": "07:58:00"}}, {"model": "habits.habitevent", "pk": 83, "fields": {"habit": 1, "date": "2024-01-02", "time": "08:42:00"}}, {"model": "habits.habitevent", "pk": 84, "fields": {"habit": 1, "date": "2024-01-02", "time": "11:16:00"}}, {"model": "habits.habitevent", "pk": 85, "fields": {"habit": 4, "date": "2024-01-02", "time": "07:30:00"}}, {"model": "habits.habitevent", "pk": 86, "fields": {"habit": 1, "date": "2024-01-02", "time": "13:04:00"}}, {"model": "habits.habitevent", "pk": 87, "fields": {"habit": 1, "date": "2024-01-02", "time": "18:10:00"}}, {"model": "habits.habitevent", "pk": 88, "fields": {"habit": 1, "date": "2024-01-02", "time": "18:54:00"}}, {"model": "habits.habitevent", "pk": 89, "fields": {"habit": 11, "date": "2024-01-02", "time": "19:38:00"}}, {"model": "habits.habitevent", "pk": 90, "fields": {"habit": 1, "date": "2024-01-02", "time": "19:47:00"}}, {"model": "habits.habitevent", "pk": 91, "fields": {"habit": 1, "date": "2024-01-02", "time": "20:33:00"}}, {"model": "habits.habitevent", "pk": 92, "fields": {"habit": 1, "date": "2024-01-02", "time": "23:59:00"}}, {"model": "habits.habitevent", "pk": 93, "fields": {"habit": 1, "date": "2024-01-03", "time": "07:33:00"}}, {"model": "habits.habitevent", "pk": 94, "fields": {"habit": 1, "date": "2024-01-03", "time": "08:09:00"}}, {"model": "habits.habitevent", "pk": 95, "fields": {"habit": 1, "date": "2024-01-03", "time": "08:52:00"}}, {"model": "habits.habitevent", "pk": 96, "fields": {"habit": 1, "date": "2024-01-03", "time": "11:18:00"}}, {"model": "habits.habitevent", "pk": 97, "fields": {"habit": 1, "date": "2024-01-03", "time": "13:06:00"}}, {"model": "habits.habitevent", "pk": 98, "fields": {"habit": 1, "date": "2024-01-03", "time": "13:21:00"}}, {"model": "habits.habitevent", "pk": 99, "fields": {"habit": 1, "date": "2024-01-03", "time": "16:08:00"}}, {"model": "habits.habitevent", "pk": 100, "fields": {"habit": 1, "date": "2024-01-03", "time": "18:07:00"}}, {"model": "habits.habitevent", "pk": 101, "fields": {"habit": 1, "date": "2024-01-03", "time": "18:55:00"}}, {"model": "habits.habitevent", "pk": 102, "fields": {"habit": 1, "date": "2024-01-03", "time": null}}, {"model": "habits.habitevent", "pk": 103, "fields": {"habit": 1, "date": "2024-01-03", "time": "21:05:00"}}, {"model": "habits.habitevent", "pk": 104, "fields": {"habit": 1, "date": "2024-01-03", "time": "21:09:00"}}, {"model": "habits.habitevent", "pk": 105, "fields": {"habit": 1, "date": "2024-01-03", "time": "22:10:00"}}, {"model": "habits.habitevent", "pk": 106, "fields": {"habit": 10, "date": "2024-01-04", "time": "07:49:00"}}, {"model": "habits.habitevent", "pk": 107, "fields": {"habit": 9, "date": "2024-01-03", "time": "22:30:00"}}, {"model": "habits.habitevent", "pk": 108, "fields": {"habit": 1, "date": "2024-01-04", "time": "08:37:00"}}, {"model": "habits.habitevent", "pk": 109, "fields": {"habit": 1, "date": "2024-01-04", "time": "07:50:00"}}, {"model": "habits.habitevent", "pk": 110, "fields": {"habit": 1, "date": "2024-01-04", "time": "11:00:00"}}, {"model": "habits.habitevent", "pk": 111, "fields": {"habit": 1, "date": "2024-01-04", "time": "13:50:00"}}, {"model": "habits.habitevent", "pk": 112, "fields": {"habit": 1, "date": "2024-01-04", "time": "16:28:00"}}, {"model": "habits.habitevent", "pk": 113, "fields": {"habit": 1, "date": "2024-01-04", "time": "17:51:00"}}, {"model": "habits.habitevent", "pk": 114, "fields": {"habit": 1, "date": "2024-01-04", "time": "20:22:00"}}, {"model": "habits.habitevent", "pk": 115, "fields": {"habit": 9, "date": "2024-01-04", "time": "22:04:00"}}, {"model": "habits.habitevent", "pk": 116, "fields": {"habit": 10, "date": "2024-01-04", "time": "23:04:00"}}, {"model": "habits.habitevent", "pk": 117, "fields": {"habit": 1, "date": "2024-01-04", "time": "23:16:00"}}, {"model": "habits.habitevent", "pk": 118, "fields": {"habit": 1, "date": "2024-01-05", "time": "08:03:00"}}, {"model": "habits.habitevent", "pk": 119, "fields": {"habit": 1, "date": "2024-01-05", "time": "08:47:00"}}, {"model": "habits.habitevent", "pk": 120, "fields": {"habit": 1, "date": "2024-01-05", "time": "09:47:00"}}, {"model": "habits.habitevent", "pk": 121, "fields": {"habit": 1, "date": "2024-01-05", "time": "12:58:00"}}, {"model": "habits.habitevent", "pk": 122, "fields": {"habit": 1, "date": "2024-01-05", "time": "13:39:00"}}, {"model": "habits.habitevent", "pk": 123, "fields": {"habit": 1, "date": "2024-01-05", "time": "16:06:00"}}, {"model": "habits.habitevent", "pk": 124, "fields": {"habit": 1, "date": "2024-01-05", "time": "17:05:00"}}, {"model": "habits.habitevent", "pk": 125, "fields": {"habit": 1, "date": "2024-01-05", "time": "19:30:00"}}, {"model": "habits.habitevent", "pk": 126, "fields": {"habit": 9, "date": "2024-01-05", "time": "18:30:00"}}, {"model": "habits.habitevent", "pk": 127, "fields": {"habit": 10, "date": "2024-01-05", "time": "19:30:00"}}, {"model": "habits.habitevent", "pk": 128, "fields": {"habit": 10, "date": "2024-01-05", "time": "21:54:00"}}, {"model": "habits.habitevent", "pk": 129, "fields": {"habit": 10, "date": "2024-01-06", "time": "10:45:00"}}, {"model": "habits.habitevent", "pk": 130, "fields": {"habit": 1, "date": "2024-01-06", "time": "10:57:00"}}, {"model": "habits.habitevent", "pk": 131, "fields": {"habit": 9, "date": "2024-01-06", "time": "12:44:00"}}, {"model": "habits.habitevent", "pk": 132, "fields": {"habit": 10, "date": "2024-01-06", "time": "12:44:00"}}, {"model": "habits.habitevent", "pk": 133, "fields": {"habit": 1, "date": "2024-01-06", "time": "15:12:00"}}, {"model": "habits.habitevent", "pk": 134, "fields": {"habit": 1, "date": "2024-01-06", "time": "15:38:00"}}, {"model": "habits.habitevent", "pk": 135, "fields": {"habit": 1, "date": "2024-01-06", "time": "16:06:00"}}, {"model": "habits.habitevent", "pk": 136, "fields": {"habit": 1, "date": "2024-01-06", "time": "18:19:00"}}, {"model": "journal.entry", "pk": 1, "fields": {"date_created": "2023-12-28T15:49:32.775Z", "paragraphs": "{\"delta\":\"{\\\"ops\\\":[{\\\"insert\\\":\\\"Questo è un test\\\\n\\\"}]}\",\"html\":\"<p>Questo è un test</p>\"}", "mood": 0}}, {"model": "journal.entry", "pk": 2, "fields": {"date_created": "2024-01-01T17:47:33.923Z", "paragraphs": "{\"delta\":\"{\\\"ops\\\":[{\\\"insert\\\":\\\"Inizi oggi il diario... Oggi vorrei iniziare a tenere traccia di ciò che faccio e sento. Mi sento bene, ieri sera ho fatto una cena con gli amici di mio fratello e oggi ho fatto gli auguri a sane e alla Giulia. Mi hanno risposto, sembravano contenti. Sane mi ha detto che è qui fino a sabato, quindi magari ci vediamo in settimana. \\\\nDall'altra parte penso di aver offeso Edo ma sinceramente quasi meglio, non me la senti di essere un amico di serie b o di portarlo a puttane. L'unica cosa che mi dispiace è non aver avuto il numero dell'Ilaria. Avrei voluto fare cose ... Ma va bene così.\\\\n\\\\nVediamo domani come parte l'anno a lavoro \\\\n\\\"}]}\",\"html\":\"<p>Inizi oggi il diario... Oggi vorrei iniziare a tenere traccia di ciò che faccio e sento. Mi sento bene, ieri sera ho fatto una cena con gli amici di mio fratello e oggi ho fatto gli auguri a sane e alla Giulia. Mi hanno risposto, sembravano contenti. Sane mi ha detto che è qui fino a sabato, quindi magari ci vediamo in settimana. </p><p>Dall'altra parte penso di aver offeso Edo ma sinceramente quasi meglio, non me la senti di essere un amico di serie b o di portarlo a puttane. L'unica cosa che mi dispiace è non aver avuto il numero dell'Ilaria. Avrei voluto fare cose ... Ma va bene così.</p><p><br></p><p>Vediamo domani come parte l'anno a lavoro </p>\"}", "mood": 2}}, {"model": "journal.entry", "pk": 3, "fields": {"date_created": "2024-01-01T18:17:18.983Z", "paragraphs": "{\"delta\":\"{\\\"ops\\\":[{\\\"insert\\\":\\\"Vediamo se ora funziona. l'anno mi sembra partto bene. da oggi voglio scrivere il diario  una volta al giorno per un anno e tracciare il mio mood. potrei non scrivere nulla nel diario ma tracciare il mio umore è il mio obiettivo. allora ieri sera non l'ho passato da solo il che è una vittoria per me. sono stato con gli amici di mio fratello che ormai direi che sono anche miei amici o fratelli più grandi. l conosco da quando sono piccolo. ho fatto gli auguri a Giulia e a Sane. giulia mi ha risposto, vorrei riscriverle... più avanti forse. Sane torna a Milano sabato e questa settimana magari ci vediamo.\\\\nSperamo che anche lavorativamente si parta bene.\\\\n\\\"}]}\",\"html\":\"<p>Vediamo se ora funziona. l'anno mi sembra partto bene. da oggi voglio scrivere il diario  una volta al giorno per un anno e tracciare il mio mood. potrei non scrivere nulla nel diario ma tracciare il mio umore è il mio obiettivo. allora ieri sera non l'ho passato da solo il che è una vittoria per me. sono stato con gli amici di mio fratello che ormai direi che sono anche miei amici o fratelli più grandi. l conosco da quando sono piccolo. ho fatto gli auguri a Giulia e a Sane. giulia mi ha risposto, vorrei riscriverle... più avanti forse. Sane torna a Milano sabato e questa settimana magari ci vediamo.</p><p>Speramo che anche lavorativamente si parta bene.</p>\"}", "mood": 2}}, {"model": "journal.entry", "pk": 4, "fields": {"date_created": "2024-01-01T18:27:57.541Z", "paragraphs": "{\"delta\":\"{\\\"ops\\\":[{\\\"insert\\\":\\\"test,\\\\n\\\"}]}\",\"html\":\"<p>test,</p>\"}", "mood": 2}}]